date,IUD,birth control,kyleena,mirena,IUS,isPartial
2018-03-04,31,40,0,46,4,False
2018-03-11,29,40,0,45,9,False
2018-03-18,30,38,0,45,8,False
2018-03-25,25,39,0,36,5,False
2018-04-01,19,44,1,40,8,False
2018-04-08,28,36,0,48,6,False
2018-04-15,32,34,0,42,6,False
2018-04-22,25,36,0,47,8,False
2018-04-29,30,39,0,38,7,False
2018-05-06,22,43,0,48,2,False
2018-05-13,34,39,1,40,6,False
2018-05-20,31,39,1,42,8,False
2018-05-27,24,37,0,41,7,False
2018-06-03,27,34,0,41,6,False
2018-06-10,29,32,0,43,7,False
2018-06-17,25,38,0,39,4,False
2018-06-24,25,34,0,42,5,False
2018-07-01,26,38,0,38,7,False
2018-07-08,31,34,1,39,4,False
2018-07-15,30,39,0,46,6,False
2018-07-22,24,44,1,39,5,False
2018-07-29,31,42,2,37,6,False
2018-08-05,36,34,2,42,8,False
2018-08-12,30,49,1,42,7,False
2018-08-19,28,42,2,38,8,False
2018-08-26,25,41,0,39,5,False
2018-09-02,22,34,0,41,6,False
2018-09-09,28,38,2,46,6,False
2018-09-16,32,39,1,45,7,False
2018-09-23,24,35,0,37,6,False
2018-09-30,31,45,0,48,7,False
2018-10-07,29,40,0,32,6,False
2018-10-14,34,41,2,44,8,False
2018-10-21,34,42,0,49,8,False
2018-10-28,26,43,0,36,7,False
2018-11-04,28,35,2,41,9,False
2018-11-11,24,33,0,42,8,False
2018-11-18,29,44,0,41,10,False
2018-11-25,29,37,2,50,6,False
2018-12-02,26,35,2,36,5,False
2018-12-09,27,37,2,30,5,False
2018-12-16,32,43,0,45,3,False
2018-12-23,23,36,0,29,3,False
2018-12-30,31,43,1,37,5,False
2019-01-06,34,41,0,43,5,False
2019-01-13,26,47,0,48,5,False
2019-01-20,32,38,0,45,5,False
2019-01-27,36,40,3,46,7,False
2019-02-03,27,46,2,45,11,False
2019-02-10,32,43,1,42,7,False
2019-02-17,29,48,0,52,5,False
2019-02-24,29,45,1,37,6,False
2019-03-03,29,42,0,46,7,False
2019-03-10,28,39,1,47,7,False
2019-03-17,31,43,1,45,7,False
2019-03-24,32,43,2,48,7,False
2019-03-31,32,48,2,50,6,False
2019-04-07,38,41,5,47,8,False
2019-04-14,28,46,0,42,6,False
2019-04-21,30,40,0,41,5,False
2019-04-28,30,43,2,43,8,False
2019-05-05,25,44,0,40,7,False
2019-05-12,31,51,3,46,8,False
2019-05-19,31,43,2,44,7,False
2019-05-26,27,41,0,42,7,False
2019-06-02,32,41,2,45,8,False
2019-06-09,29,44,1,42,3,False
2019-06-16,36,37,2,45,7,False
2019-06-23,35,39,0,43,2,False
2019-06-30,26,38,4,46,5,False
2019-07-07,31,36,2,38,8,False
2019-07-14,30,35,0,48,5,False
2019-07-21,32,43,1,45,5,False
2019-07-28,33,39,0,42,6,False
2019-08-04,33,41,2,45,3,False
2019-08-11,32,37,0,41,3,False
2019-08-18,32,44,2,47,7,False
2019-08-25,41,38,1,45,3,False
2019-09-01,31,37,2,39,8,False
2019-09-08,31,35,3,46,6,False
2019-09-15,27,35,2,40,5,False
2019-09-22,30,37,1,37,7,False
2019-09-29,36,38,2,33,7,False
2019-10-06,34,45,1,46,7,False
2019-10-13,32,40,2,40,7,False
2019-10-20,36,42,3,43,6,False
2019-10-27,25,41,0,37,6,False
2019-11-03,29,50,2,40,7,False
2019-11-10,30,48,0,39,8,False
2019-11-17,34,51,2,39,6,False
2019-11-24,36,53,3,36,8,False
2019-12-01,29,46,3,35,7,False
2019-12-08,27,41,2,33,6,False
2019-12-15,30,40,3,37,5,False
2019-12-22,23,57,2,30,2,False
2019-12-29,31,45,2,35,5,False
2020-01-05,40,56,1,45,7,False
2020-01-12,39,47,2,44,5,False
2020-01-19,40,59,1,50,8,False
2020-01-26,36,47,2,48,6,False
2020-02-02,36,47,2,48,5,False
2020-02-09,31,43,5,39,6,False
2020-02-16,36,49,2,40,8,False
2020-02-23,36,49,3,42,9,False
2020-03-01,31,49,1,38,6,False
2020-03-08,30,35,1,40,7,False
2020-03-15,18,36,1,19,6,False
2020-03-22,19,34,0,16,5,False
2020-03-29,18,41,2,21,5,False
2020-04-05,15,34,0,20,5,False
2020-04-12,21,33,0,20,3,False
2020-04-19,26,42,0,20,6,False
2020-04-26,24,41,1,22,6,False
2020-05-03,26,39,2,26,6,False
2020-05-10,25,45,0,21,4,False
2020-05-17,23,47,0,28,6,False
2020-05-24,23,39,2,26,3,False
2020-05-31,29,45,3,23,8,False
2020-06-07,42,52,4,25,5,False
2020-06-14,31,50,1,25,5,False
2020-06-21,28,61,1,32,6,False
2020-06-28,31,56,0,29,5,False
2020-07-05,31,54,2,37,4,False
2020-07-12,28,52,1,30,5,False
2020-07-19,36,56,2,33,4,False
2020-07-26,35,45,3,29,5,False
2020-08-02,36,50,0,32,5,False
2020-08-09,37,48,2,31,7,False
2020-08-16,39,48,1,30,6,False
2020-08-23,33,54,4,35,6,False
2020-08-30,37,57,0,32,6,False
2020-09-06,31,50,2,34,5,False
2020-09-13,33,43,3,31,5,False
2020-09-20,30,52,1,33,6,False
2020-09-27,29,44,2,29,7,False
2020-10-04,33,51,2,36,9,False
2020-10-11,34,50,2,31,7,False
2020-10-18,40,50,2,40,10,False
2020-10-25,27,43,2,29,6,False
2020-11-01,30,45,4,30,13,False
2020-11-08,34,46,2,34,6,False
2020-11-15,33,54,2,40,6,False
2020-11-22,26,55,2,32,7,False
2020-11-29,36,54,1,30,7,False
2020-12-06,32,55,3,29,6,False
2020-12-13,28,48,2,32,9,False
2020-12-20,27,54,3,27,3,False
2020-12-27,27,46,3,25,1,False
2021-01-03,35,48,1,33,5,False
2021-01-10,39,52,1,33,6,False
2021-01-17,35,57,2,28,5,False
2021-01-24,32,53,0,33,5,False
2021-01-31,31,60,3,33,5,False
2021-02-07,31,58,3,34,6,False
2021-02-14,37,53,0,32,5,False
2021-02-21,31,62,2,38,4,False
2021-02-28,31,59,2,41,10,False
2021-03-07,36,64,2,38,5,False
2021-03-14,35,70,2,45,5,False
2021-03-21,34,67,1,39,8,False
2021-03-28,36,62,2,36,7,False
2021-04-04,37,68,1,39,9,False
2021-04-11,32,62,4,38,9,False
2021-04-18,31,51,1,36,7,False
2021-04-25,29,57,0,45,4,False
2021-05-02,31,61,2,41,6,False
2021-05-09,37,67,2,48,6,False
2021-05-16,34,58,2,50,6,False
2021-05-23,41,59,1,42,10,False
2021-05-30,34,46,1,30,7,False
2021-06-06,39,59,2,38,8,False
2021-06-13,37,52,2,36,7,False
2021-06-20,100,62,2,36,6,False
2021-06-27,42,56,2,39,5,False
2021-07-04,33,53,0,39,5,False
2021-07-11,36,51,0,39,7,False
2021-07-18,29,54,4,29,8,False
2021-07-25,32,51,3,32,5,False
2021-08-01,30,47,2,31,5,False
2021-08-08,31,63,2,38,5,False
2021-08-15,30,54,2,38,2,False
2021-08-22,31,52,0,33,6,False
2021-08-29,30,49,2,36,3,False
2021-09-05,34,51,3,33,7,False
2021-09-12,31,47,1,36,9,False
2021-09-19,35,54,4,34,7,False
2021-09-26,35,51,2,35,5,False
2021-10-03,28,51,1,30,5,False
2021-10-10,28,54,0,37,10,False
2021-10-17,37,57,1,30,8,False
2021-10-24,32,59,3,37,8,False
2021-10-31,36,54,4,31,8,False
2021-11-07,37,52,1,37,6,False
2021-11-14,37,51,3,32,7,False
2021-11-21,25,50,3,34,7,False
2021-11-28,33,55,0,31,5,False
2021-12-05,36,50,0,27,4,False
2021-12-12,35,53,2,33,5,False
2021-12-19,64,49,0,21,10,False
2021-12-26,33,51,1,26,4,False
2022-01-02,47,71,5,33,9,False
2022-01-09,57,60,2,40,10,False
2022-01-16,44,57,2,30,9,False
2022-01-23,47,62,0,31,10,False
2022-01-30,35,54,1,45,8,False
2022-02-06,45,56,3,41,8,False
2022-02-13,45,59,2,33,7,False
2022-02-20,43,63,1,39,10,False
2022-02-27,36,61,3,37,9,False
2022-03-06,43,58,3,40,12,False
2022-03-13,40,64,2,40,9,False
2022-03-20,34,70,3,38,7,False
2022-03-27,36,68,1,38,9,False
2022-04-03,28,53,2,38,10,False
2022-04-10,34,58,1,37,6,False
2022-04-17,36,61,1,34,6,False
2022-04-24,42,61,3,39,9,False
2022-05-01,37,64,1,44,6,False
2022-05-08,44,57,3,44,7,False
2022-05-15,35,59,3,40,7,False
2022-05-22,29,54,4,44,8,False
2022-05-29,30,53,1,29,6,False
2022-06-05,36,53,2,34,8,False
2022-06-12,35,48,2,34,7,False
2022-06-19,41,59,2,41,8,False
2022-06-26,43,62,1,47,8,False
2022-07-03,37,56,0,33,7,False
2022-07-10,37,58,2,36,6,False
2022-07-17,36,55,4,35,6,False
2022-07-24,34,60,1,36,3,False
2022-07-31,35,56,3,42,5,False
2022-08-07,34,63,1,36,4,False
2022-08-14,36,53,2,35,4,False
2022-08-21,39,51,1,39,7,False
2022-08-28,35,47,2,37,7,False
2022-09-04,36,46,3,42,9,False
2022-09-11,33,46,2,37,7,False
2022-09-18,35,51,1,39,8,False
2022-09-25,39,45,0,36,5,False
2022-10-02,34,52,2,38,7,False
2022-10-09,37,52,1,40,9,False
2022-10-16,36,49,2,38,9,False
2022-10-23,35,50,2,38,6,False
2022-10-30,53,48,1,45,9,False
2022-11-06,39,56,2,36,10,False
2022-11-13,43,56,2,35,9,False
2022-11-20,35,42,3,31,9,False
2022-11-27,22,49,3,34,7,False
2022-12-04,39,50,2,34,6,False
2022-12-11,35,49,2,24,7,False
2022-12-18,28,47,2,32,5,False
2022-12-25,31,49,1,22,5,False
2023-01-01,39,58,4,37,6,False
2023-01-08,46,60,2,38,10,False
2023-01-15,45,57,4,38,7,False
2023-01-22,45,62,3,46,8,False
2023-01-29,68,58,2,46,9,False
2023-02-05,43,57,4,43,6,False
2023-02-12,38,56,6,40,7,False
2023-02-19,42,60,0,44,5,True
